scientific_name,gb_threatened_binary,ie_threatened_binary
Triodia sylvina,0.0,
Korscheltellus lupulina,0.0,0.0
Korscheltellus fusconebulosa,0.0,0.0
Phymatopus hecta,0.0,0.0
Hepialus humuli,0.0,0.0
Cossus cossus,0.0,0.0
Zeuzera pyrina,0.0,
Phragmataecia castaneae,0.0,
Pennisetia hylaeiformis,0.0,
Sesia apiformis,0.0,
Sesia bembeciformis,0.0,0.0
Paranthrene tabaniformis,,
Synanthedon scoliaeformis,0.0,1.0
Synanthedon spheciformis,0.0,
Synanthedon culiciformis,0.0,
Synanthedon formicaeformis,0.0,0.0
Synanthedon flaviventris,0.0,
Synanthedon andrenaeformis,0.0,
Synanthedon myopaeformis,0.0,
Synanthedon vespiformis,0.0,
Synanthedon tipuliformis,0.0,0.0
Bembecia ichneumoniformis,0.0,
Pyropteron chrysidiformis,1.0,
Pyropteron muscaeformis,0.0,1.0
Apoda limacodes,0.0,
Heterogenea asella,0.0,
Jordanita globulariae,0.0,
Adscita statices,0.0,1.0
Adscita geryon,0.0,
Zygaena purpuralis,0.0,0.0
Zygaena loti,1.0,
Zygaena exulans,0.0,
Zygaena viciae,1.0,
Zygaena filipendulae,0.0,0.0
Zygaena lonicerae,0.0,1.0
Zygaena trifolii,0.0,
Papilio machaon,0.0,
Erynnis tages,1.0,0.0
Pyrgus malvae,1.0,
Carterocephalus palaemon,1.0,
Thymelicus lineola,0.0,
Thymelicus sylvestris,0.0,
Thymelicus acteon,0.0,
Hesperia comma,0.0,
Ochlodes sylvanus,0.0,
Leptidea sinapis,1.0,0.0
Leptidea juvernica,,0.0
Anthocharis cardamines,0.0,0.0
Aporia crataegi,,
Pieris brassicae,0.0,0.0
Pieris rapae,0.0,0.0
Pieris napi,0.0,0.0
Pontia daplidice,,
Colias crocea,0.0,0.0
Colias hyale,,
Colias alfacariensis,,
Gonepteryx rhamni,0.0,0.0
Danaus plexippus,,
Lasiommata megera,0.0,1.0
Pararge aegeria,0.0,0.0
Coenonympha tullia,1.0,1.0
Coenonympha pamphilus,0.0,0.0
Erebia epiphron,0.0,
Erebia aethiops,0.0,
Aphantopus hyperantus,0.0,0.0
Maniola jurtina,0.0,0.0
Pyronia tithonus,0.0,0.0
Melanargia galathea,0.0,
Hipparchia semele,1.0,0.0
Boloria euphrosyne,1.0,1.0
Boloria selene,0.0,
Issoria lathonia,,
Argynnis paphia,0.0,0.0
Speyeria aglaja,0.0,1.0
Fabriciana adippe,1.0,
Limenitis camilla,1.0,
Apatura iris,0.0,
Vanessa atalanta,0.0,0.0
Vanessa cardui,0.0,0.0
Aglais io,0.0,0.0
Aglais urticae,0.0,0.0
Nymphalis antiopa,,
Nymphalis polychloros,,
Nymphalis xanthomelas,,
Polygonia c-album,0.0,
Euphydryas aurinia,1.0,1.0
Melitaea cinxia,1.0,
Melitaea athalia,1.0,
Hamearis lucina,1.0,
Lycaena phlaeas,0.0,0.0
Lycaena dispar,,
Thecla betulae,1.0,0.0
Favonius quercus,0.0,0.0
Callophrys rubi,0.0,0.0
Satyrium w-album,1.0,
Satyrium pruni,1.0,
Lampides boeticus,,
Leptotes pirithous,,
Cupido minimus,0.0,1.0
Cupido argiades,,
Celastrina argiolus,0.0,0.0
Phengaris arion,1.0,
Plebejus argus,1.0,
Aricia agestis,0.0,
Aricia artaxerxes,1.0,
Cyaniris semiargus,,
Polyommatus icarus,0.0,0.0
Lysandra bellargus,0.0,
Lysandra coridon,0.0,
Falcaria lacertinaria,0.0,0.0
Watsonalla binaria,1.0,
Watsonalla cultraria,0.0,0.0
Drepana curvatula,,
Drepana falcataria,0.0,0.0
Sabra harpagula,0.0,
Cilix glaucata,0.0,0.0
Thyatira batis,0.0,0.0
Habrosyne pyritoides,0.0,0.0
Tethea ocularis,0.0,
Tethea or,0.0,0.0
Tetheella fluctuosa,0.0,0.0
Ochropacha duplaris,0.0,0.0
Cymatophorina diluta,1.0,
Polyploca ridens,0.0,
Achlya flavicornis,0.0,0.0
Poecilocampa populi,0.0,0.0
Trichiura crataegi,1.0,0.0
Malacosoma neustria,1.0,0.0
Malacosoma castrensis,0.0,
Eriogaster lanestris,0.0,0.0
Lasiocampa trifolii,0.0,
Lasiocampa quercus,0.0,0.0
Macrothylacia rubi,0.0,0.0
Dendrolimus pini,0.0,
Euthrix potatoria,0.0,0.0
Phyllodesma ilicifolia,,
Gastropacha quercifolia,1.0,
Endromis versicolora,0.0,
Saturnia pavonia,0.0,0.0
Mimas tiliae,0.0,
Smerinthus ocellata,0.0,0.0
Laothoe populi,0.0,0.0
Agrius convolvuli,,
Acherontia atropos,,
Sphinx ligustri,0.0,
Sphinx pinastri,0.0,
Hemaris tityus,0.0,0.0
Hemaris fuciformis,0.0,
Macroglossum stellatarum,0.0,
Daphnis nerii,,
Proserpinus proserpina,,
Hyles euphorbiae,,
Hyles gallii,1.0,
Hyles livornica,,
Deilephila elpenor,0.0,0.0
Deilephila porcellus,0.0,0.0
Hippotion celerio,,
Idaea serpentata,,
Idaea muricata,0.0,1.0
Idaea ochrata,0.0,
Idaea rusticata,0.0,
Idaea dilutaria,0.0,
Idaea fuscovenosa,0.0,
Idaea humiliata,,
Idaea seriata,0.0,
Idaea subsericeata,0.0,0.0
Idaea sylvestraria,0.0,
Idaea dimidiata,0.0,0.0
Idaea trigeminata,0.0,
Idaea biselata,0.0,0.0
Idaea contiguaria,0.0,
Idaea emarginata,0.0,
Idaea aversata,0.0,0.0
Idaea degeneraria,0.0,
Idaea straminata,0.0,0.0
Scopula immorata,,
Scopula nigropunctata,1.0,
Scopula ornata,0.0,
Scopula rubiginata,0.0,
Scopula marginepunctata,0.0,0.0
Scopula imitaria,0.0,0.0
Scopula immutata,0.0,0.0
Scopula ternata,0.0,1.0
Scopula floslactata,0.0,0.0
Scopula emutaria,0.0,
Timandra comae,0.0,0.0
Cyclophora pendularia,0.0,
Cyclophora annularia,0.0,
Cyclophora albipunctata,0.0,0.0
Cyclophora puppillaria,0.0,
Cyclophora ruficiliaria,0.0,
Cyclophora porata,0.0,
Cyclophora punctaria,0.0,1.0
Cyclophora linearia,0.0,0.0
Rhodometra sacraria,,
Phibalapteryx virgata,0.0,
Scotopteryx mucronata,1.0,0.0
Scotopteryx luridata,0.0,0.0
Scotopteryx peribolata,,
Scotopteryx bipunctaria,0.0,
Scotopteryx moeniata,,
Scotopteryx chenopodiata,0.0,0.0
Orthonama vittata,0.0,0.0
Nycterosea obstipata,,
Xanthorhoe decoloraria,0.0,1.0
Xanthorhoe fluctuata,0.0,0.0
Xanthorhoe biriviata,0.0,
Xanthorhoe spadicearia,0.0,0.0
Xanthorhoe ferrugata,0.0,0.0
Xanthorhoe designata,0.0,0.0
Xanthorhoe montanata,0.0,0.0
Xanthorhoe quadrifasiata,0.0,
Catarhoe cuculata,0.0,1.0
Catarhoe rubidata,0.0,
Costaconvexa polygrammata,,
Camptogramma bilineata,0.0,0.0
Epirrhoe tristata,0.0,1.0
Epirrhoe alternata,0.0,0.0
Epirrhoe rivata,0.0,
Epirrhoe galiata,0.0,0.0
Euphyia biangulata,0.0,0.0
Euphyia unangulata,0.0,0.0
Earophila badiata,0.0,0.0
Anticlea derivata,0.0,0.0
Mesoleuca albicillata,0.0,0.0
Pelurga comitata,1.0,0.0
Larentia clavaria,0.0,1.0
Entephria flavicinctata,0.0,1.0
Entephria caesiata,0.0,0.0
Spargania luctuata,0.0,
Hydriomena furcata,0.0,0.0
Hydriomena impluviata,0.0,0.0
Hydriomena ruberata,0.0,0.0
Pennithera firmata,0.0,0.0
Thera cognata,0.0,0.0
Thera britannica,0.0,0.0
Thera vetustata,,
Thera obeliscata,0.0,0.0
Thera juniperata,0.0,0.0
Thera cupressata,0.0,
Plemyria rubiginata,0.0,0.0
Cidaria fulvata,0.0,0.0
Electrophaes corylata,0.0,0.0
Cosmorhoe ocellata,0.0,0.0
Eustroma reticulata,1.0,
Eulithis prunata,0.0,0.0
Eulithis testata,0.0,0.0
Eulithis populata,0.0,0.0
Eulithis mellinata,1.0,
Gandaritis pyraliata,0.0,0.0
Ecliptopera silaceata,0.0,0.0
Chloroclysta siterata,0.0,0.0
Chloroclysta miata,0.0,0.0
Dysstroma truncata,0.0,0.0
Dysstroma citrata,0.0,0.0
Colostygia olivata,0.0,1.0
Colostygia pectinataria,0.0,0.0
Colostygia multistrigaria,0.0,0.0
Coenotephria salicata,0.0,0.0
Lampropteryx suffumata,0.0,0.0
Lampropteryx otregiata,0.0,
Operophtera fagata,0.0,0.0
Operophtera brumata,0.0,0.0
Epirrita dilutata,0.0,0.0
Epirrita christyi,0.0,0.0
Epirrita autumnata,0.0,0.0
Epirrita filigrammaria,0.0,1.0
Asthena albulata,0.0,0.0
Euchoeca nebulata,0.0,
Hydrelia sylvata,0.0,0.0
Hydrelia flammeolaria,0.0,0.0
Venusia cambrica,0.0,0.0
Venusia blomeri,0.0,
Minoa murinata,0.0,
Philereme vetulata,0.0,0.0
Philereme transversata,0.0,0.0
Rheumaptera hastata,0.0,1.0
Hydria undulata,0.0,0.0
Hydria cervinalis,0.0,
Triphosa dubitata,0.0,0.0
Pareulype berberata,1.0,
Coenocalpe lapidata,0.0,
Horisme vitalbata,0.0,
Horisme tersata,0.0,
Horisme radicaria,,
Melanthia procellata,0.0,
Anticollix sparsata,0.0,
Odezia atrata,0.0,1.0
Mesotype didymata,0.0,0.0
Perizoma affinitata,0.0,0.0
Perizoma alchemillata,0.0,0.0
Perizoma bifaciata,0.0,0.0
Perizoma minorata,0.0,1.0
Perizoma blandiata,0.0,0.0
Perizoma albulata,0.0,0.0
Perizoma flavofasciata,0.0,0.0
Martania taeniata,0.0,0.0
Gagitodes sagittata,0.0,
Gymnoscelis rufifasciata,0.0,0.0
Chloroclystis v-ata,0.0,0.0
Pasiphila chloerata,0.0,
Pasiphila rectangulata,0.0,0.0
Pasiphila debiliata,0.0,0.0
Eupithecia haworthiata,0.0,0.0
Eupithecia tenuiata,0.0,0.0
Eupithecia inturbata,1.0,
Eupithecia abietaria,0.0,0.0
Eupithecia linariata,0.0,
Eupithecia pulchellata,0.0,0.0
Eupithecia ultimaria,0.0,
Eupithecia plumbeolata,0.0,0.0
Eupithecia pygmaeata,0.0,1.0
Eupithecia venosata,0.0,0.0
Eupithecia abbreviata,0.0,0.0
Eupithecia dodoneata,0.0,0.0
Eupithecia pusillata,1.0,0.0
Eupithecia phoeniceata,0.0,
Eupithecia tripunctaria,0.0,0.0
Eupithecia virgaureata,0.0,0.0
Eupithecia tantillaria,0.0,0.0
Eupithecia lariciata,0.0,0.0
Eupithecia egenaria,0.0,
Eupithecia pimpinellata,0.0,0.0
Eupithecia simpliciata,0.0,1.0
Eupithecia sinuosaria,,
Eupithecia nanata,0.0,0.0
Eupithecia innotata,0.0,0.0
Eupithecia irriguata,0.0,
Eupithecia indigata,0.0,0.0
Eupithecia distinctaria,0.0,0.0
Eupithecia centaureata,0.0,0.0
Eupithecia insigniata,0.0,
Eupithecia trisignaria,0.0,0.0
Eupithecia intricata,0.0,1.0
Eupithecia satyrata,1.0,0.0
Eupithecia extensaria,1.0,
Eupithecia absinthiata,0.0,0.0
Eupithecia expallidata,0.0,
Eupithecia valerianata,0.0,0.0
Eupithecia assimilata,0.0,0.0
Eupithecia vulgata,0.0,0.0
Eupithecia exiguata,0.0,0.0
Eupithecia denotata,0.0,1.0
Eupithecia millefoliata,0.0,
Eupithecia icterata,0.0,0.0
Eupithecia succenturiata,0.0,1.0
Eupithecia subumbrata,0.0,0.0
Eupithecia subfuscata,0.0,0.0
Carsia sororiata,0.0,1.0
Aplocera plagiata,0.0,0.0
Aplocera efformata,0.0,
Aplocera praeformata,,
Chesias legatella,0.0,0.0
Chesias rufata,0.0,
Lithostege griseata,0.0,
Lobophora halterata,0.0,0.0
Pterapherapteryx sexalata,0.0,0.0
Acasis viretata,0.0,0.0
Trichopteryx polycommata,0.0,
Trichopteryx carpinata,0.0,0.0
Archiearis parthenias,0.0,
Boudinotiana notha,0.0,
Abraxas grossulariata,0.0,0.0
Abraxas sylvata,0.0,0.0
Lomaspilis marginata,0.0,0.0
Ligdia adustata,0.0,0.0
Stegania cararia,,
Stegania trimaculata,,
Macaria notata,0.0,0.0
Macaria alternata,0.0,0.0
Macaria signaria,0.0,
Macaria liturata,0.0,0.0
Macaria wauaria,1.0,
Macaria carbonaria,0.0,
Macaria brunneata,0.0,
Chiasmia clathrata,0.0,0.0
Chiasmia aestimaria,,
Isturgia limbaria,,
Cepphis advenaria,0.0,0.0
Petrophora chlorosata,0.0,0.0
Plagodis pulveraria,0.0,0.0
Plagodis dolabraria,0.0,0.0
Pachycnemia hippocastanaria,0.0,
Opisthograptis luteolata,0.0,0.0
Epione repandaria,0.0,0.0
Epione vespertaria,1.0,
Pseudopanthera macularia,0.0,0.0
Angerona prunaria,0.0,0.0
Apeira syringaria,0.0,0.0
Ennomos autumnaria,0.0,
Ennomos quercinaria,0.0,0.0
Ennomos alniaria,0.0,0.0
Ennomos fuscantaria,0.0,
Ennomos erosaria,0.0,
Selenia dentaria,0.0,0.0
Selenia lunularia,0.0,0.0
Selenia tetralunaria,0.0,
Odontopera bidentata,0.0,0.0
Crocallis elinguaria,0.0,0.0
Crocallis dardoinaria,,
Ourapteryx sambucaria,0.0,0.0
Colotois pennaria,0.0,0.0
Alsophila aescularia,0.0,0.0
Apocheima hispidaria,0.0,
Phigalia pilosaria,1.0,0.0
Lycia hirtaria,0.0,0.0
Lycia lapponaria,0.0,
Lycia zonaria,0.0,0.0
Biston strataria,0.0,0.0
Biston betularia,0.0,0.0
Agriopis leucophaearia,0.0,0.0
Agriopis aurantiaria,0.0,0.0
Agriopis marginaria,0.0,0.0
Erannis defoliaria,1.0,0.0
Menophra abruptaria,0.0,
Peribatodes rhomboidaria,0.0,0.0
Peribatodes umbraria,,
Peribatodes secundaria,1.0,
Peribatodes ilicaria,,
Selidosema brunnearia,0.0,0.0
Cleora cinctaria,0.0,0.0
Deileptenia ribeata,0.0,0.0
Alcis repandata,0.0,0.0
Alcis jubata,0.0,1.0
Hypomecis roboraria,0.0,
Hypomecis punctinalis,0.0,
Fagivorina arenaria,,
Ectropis sp.,0.0,
Paradarisa consonaria,0.0,0.0
Parectropis similaria,0.0,
Aethalura punctulata,0.0,0.0
Ematurga atomaria,0.0,0.0
Bupalus piniaria,0.0,0.0
Cabera pusaria,0.0,0.0
Cabera exanthemata,0.0,0.0
Lomographa bimaculata,0.0,0.0
Lomographa temerata,0.0,0.0
Aleucis distinctata,0.0,
Theria primaria,1.0,0.0
Campaea margaritaria,0.0,0.0
Hylaea fasciaria,0.0,0.0
Pungelaria capreolaria,,
Gnophos obfuscata,0.0,0.0
Gnophos dumetata,,1.0
Charissa obscurata,0.0,0.0
Cleorodes lichenaria,0.0,0.0
Glacies coracina,0.0,
Pseudocoremia suavis,,
Siona lineata,1.0,
Dyscia fagaria,0.0,0.0
Aspitates gilvaria,1.0,0.0
Aspitates ochrearia,0.0,
Perconia strigillaria,0.0,0.0
Aplasta ononaria,0.0,
Pseudoterpna pruinata,0.0,0.0
Pseudoterpna coronillaria,,
Geometra papilionaria,0.0,0.0
Comibaena bajularia,0.0,
Thetidia smaragdaria,,
Hemistola chrysoprasaria,0.0,
Jodis lactearia,0.0,0.0
Thalera fimbrialis,1.0,
Hemithea aestivaria,0.0,0.0
Chlorissa viridata,0.0,
Chlorissa cloraria,,
Thaumetopoea processionea,,
Thaumetopoea pityocampa,,
Cerura vinula,0.0,0.0
Cerura erminea,,
Furcula furcula,0.0,0.0
Furcula bicuspis,0.0,
Furcula bifida,0.0,
Harpyia milhauseri,,
Stauropus fagi,0.0,0.0
Drymonia dodonaea,0.0,
Drymonia ruficornis,0.0,0.0
Notodonta dromedarius,0.0,0.0
Notodonta ziczac,0.0,0.0
Notodonta torva,,
Notodonta tritophus,,
Peridea anceps,0.0,
Pheosia tremula,0.0,0.0
Pheosia gnoma,0.0,0.0
Leucodonta bicoloria,,1.0
Pterostoma palpina,0.0,0.0
Ptilodon capucina,0.0,0.0
Ptilodon cucullina,0.0,
Odontosia carmelita,0.0,0.0
Ptilophora plumigera,0.0,
Phalera bucephala,0.0,0.0
Gluphisia crenata,,
Clostera curtula,0.0,
Clostera pigra,0.0,0.0
Clostera anachoreta,1.0,
Scoliopteryx libatrix,0.0,0.0
Rivula sericealis,0.0,0.0
Hypena proboscidalis,0.0,0.0
Hypena rostralis,0.0,
Hypena obesalis,,
Hypena obsitalis,0.0,
Hypena lividalis,,
Hypena crassalis,0.0,0.0
Arctornis l-nigrum,,
Leucoma salicis,0.0,0.0
Lymantria monacha,0.0,1.0
Lymantria dispar,,
Euproctis chrysorrhoea,0.0,
Euproctis similis,0.0,0.0
Laelia coenosa,,
Calliteara pudibunda,0.0,0.0
Dicallomera fascelina,0.0,0.0
Orgyia antiqua,0.0,0.0
Orgyia recens,1.0,
Spilosoma lutea,0.0,0.0
Spilosoma lubricipeda,0.0,0.0
Spilosoma urticae,0.0,
Hyphantria cunea,,
Diaphora mendica,0.0,0.0
Diacrisia sannio,0.0,0.0
Phragmatobia fuliginosa,0.0,0.0
Parasemia plantaginis,0.0,0.0
Arctia caja,0.0,0.0
Arctia villica,0.0,
Hyphoraia testudinaria,,
Callimorpha dominula,0.0,
Euplagia quadripunctaria,0.0,
Tyria jacobaeae,0.0,0.0
Coscinia cribraria,1.0,
Coscinia striata,,
Utetheisa pulchella,,
Miltochrista miniata,0.0,1.0
Nudaria mundana,0.0,0.0
Thumatha senex,0.0,0.0
Cybosia mesomella,0.0,
Pelosia muscerda,0.0,
Pelosia obtusa,0.0,
Lithosia quadra,0.0,0.0
Atolmis rubricollis,0.0,0.0
Eilema depressa,0.0,0.0
Eilema griseola,0.0,0.0
Eilema lurideola,0.0,0.0
Eilema complana,0.0,0.0
Eilema caniola,0.0,0.0
Eilema pygmaeola,0.0,
Eilema sororcula,0.0,
Setina irrorella,0.0,0.0
Paracolax tristalis,0.0,
Macrochilo cribrumalis,0.0,
Herminia tarsipennalis,0.0,0.0
Herminia tarsicrinalis,0.0,
Herminia grisealis,0.0,0.0
Pechipogo strigilata,0.0,
Pechipogo plumigeralis,0.0,
Zanclognatha lunalis,,
Zanclognatha zelleralis,,
Hypenodes humidalis,0.0,0.0
Schrankia costaestrigalis,0.0,0.0
Schrankia taenialis,0.0,
Lygephila pastinum,0.0,
Lygephila craccae,1.0,
Tathorhynchus exsiccata,,
Parascotia fuliginaria,0.0,
Phytometra viridaria,0.0,0.0
Colobochyla salicalis,,
Laspeyria flexula,0.0,
Trisateles emortualis,0.0,
Eublemma minutata,,
Eublemma ostrina,,
Eublemma parva,,
Eublemma purpurina,,
Catocala nymphagoga,,
Catocala fraxini,0.0,
Catocala conjuncta,,
Catocala nupta,0.0,0.0
Catocala electa,,
Catocala elocata,,
Catocala sponsa,0.0,
Catocala promissa,0.0,
Euclidia glyphica,0.0,0.0
Euclidia mi,0.0,0.0
Catephia alchymista,,
Minucia lunaris,,
Dysgonia algira,,
Grammodes stolida,,
Abrostola tripartita,0.0,0.0
Abrostola triplasia,0.0,0.0
Trichoplusia ni,,
Thysanoplusia orichalcea,,
Thysanoplusia daubei,,
Ctenoplusia limbirena,,
Ctenoplusia accentifera,,
Vittaplusia vittata,,
Chrysodeixis chalcites,,
Chrysodeixis acuta,,
Macdunnoughia confusa,0.0,
Diachrysia chryson,0.0,
Diachrysia chrysitis,0.0,0.0
Euchalcia variabilis,,
Polychrysia moneta,1.0,
Autographa gamma,,
Autographa pulchrina,0.0,0.0
Autographa jota,0.0,0.0
Autographa bractea,0.0,0.0
Megalographa biloba,,
Cornutiplusia circumflexa,,
Syngrapha interrogationis,0.0,0.0
Plusia festucae,0.0,0.0
Plusia putnami,0.0,
Deltote pygarga,0.0,0.0
Deltote deceptoria,,
Deltote uncula,0.0,0.0
Deltote bankiana,0.0,0.0
Acontia lucida,,
Acontia trabealis,,
Aedia leucomelas,,
Aedia funesta,,
Tyta luctuosa,0.0,
Colocasia coryli,0.0,0.0
Diloba caeruleocephala,1.0,0.0
Moma alpium,0.0,
Simyra albovenosa,0.0,
Acronicta alni,0.0,0.0
Acronicta tridens,0.0,
Acronicta psi,0.0,0.0
Acronicta aceris,0.0,
Acronicta leporina,0.0,0.0
Acronicta strigosa,,
Acronicta menyanthidis,0.0,1.0
Acronicta auricoma,,
Acronicta cinerea,0.0,0.0
Acronicta rumicis,0.0,0.0
Subacronicta megacephala,0.0,0.0
Craniophora ligustri,0.0,0.0
Panemeria tenebrata,0.0,
Synthymia fixa,,
Cucullia absinthii,0.0,
Cucullia artemisiae,,
Cucullia umbratica,0.0,0.0
Cucullia calendulae,,
Cucullia chamomillae,0.0,0.0
Cucullia gnaphalii,,
Cucullia asteris,0.0,
Cucullia scrophulariae,,
Cucullia lychnitis,0.0,
Cucullia verbasci,0.0,
Calophasia lunula,0.0,
Calophasia platyptera,,
Stilbia anomala,1.0,0.0
Amphipyra pyramidea,0.0,0.0
Amphipyra berbera,0.0,
Amphipyra tragopoginis,1.0,0.0
Asteroscopus sphinx,1.0,0.0
Brachionycha nubeculosa,0.0,
Meganephria bimaculosa,,
Allophyes oxyacanthae,0.0,0.0
Xylocampa areola,0.0,0.0
Pyrrhia umbra,0.0,0.0
Protoschinia scutosa,,
Heliothis viriplaca,0.0,
Heliothis maritima,1.0,
Heliothis peltigera,,
Heliothis nubigera,,
Helicoverpa armigera,,
Periphanes delphinii,,
Acosmetia caliginosa,1.0,
Eucarta virgo,,
Callopistria juventina,,
Callopistria latreillei,,
Cryphia algae,0.0,
Bryophila raptricula,,
Bryophila domestica,0.0,0.0
Nyctobrya muralis,0.0,0.0
Pseudeustrotia candidula,,
Spodoptera exigua,,
Spodoptera cilium,,
Spodoptera littoralis,,
Galgula partita,,
Elaphria venustula,0.0,
Caradrina morpheus,0.0,0.0
Caradrina kadenii,0.0,
Caradrina flavirena,,
Caradrina clavipalpis,0.0,0.0
Hoplodrina octogenaria,0.0,0.0
Hoplodrina blanda,0.0,0.0
Hoplodrina superstes,,
Hoplodrina ambigua,0.0,
Chilodes maritima,0.0,0.0
Charanyca trigrammica,0.0,0.0
Rusina ferruginea,0.0,0.0
Athetis pallustris,1.0,
Athetis hospes,,
Dypterygia scabriuscula,0.0,
Trachea atriplicis,,
Mormo maura,0.0,0.0
Polyphaenis sericata,,
Thalpophila matura,0.0,0.0
Hyppa rectilinea,0.0,1.0
Actinotia polyodon,,
Chloantha hyperici,,
Phlogophora meticulosa,0.0,0.0
Euplexia lucipara,0.0,0.0
Pseudenargia ulicis,,
Calamia tridens,,0.0
Crypsedra gemmea,,
Celaena haworthii,0.0,0.0
Helotropha leucostigma,0.0,0.0
Eremobia ochroleuca,0.0,
Gortyna flavago,0.0,0.0
Gortyna borelii,0.0,
Hydraecia micacea,0.0,0.0
Hydraecia petasitis,0.0,
Hydraecia osseola,1.0,
Amphipoea fucosa,0.0,0.0
Amphipoea lucens,0.0,0.0
Amphipoea oculea,0.0,0.0
Amphipoea crinanensis,0.0,0.0
Luperina dumerilii,,
Luperina testacea,0.0,0.0
Luperina nickerlii,0.0,1.0
Fabula zollikoferi,,
Rhizedra lutosa,0.0,0.0
Sedina buettneri,1.0,
Nonagria typhae,0.0,0.0
Arenostola phragmitidis,0.0,
Longalatedes elymi,0.0,
Lenisa geminipuncta,0.0,1.0
Archanara neurica,0.0,
Archanara dissoluta,0.0,
Coenobia rufa,0.0,0.0
Oria musculosa,,
Denticucullus pygmina,0.0,0.0
Photedes fluxa,0.0,
Photedes captiuncula,1.0,0.0
Photedes minima,0.0,0.0
Photedes morrisii,1.0,
Photedes extrema,0.0,
Protarchanara brevilinea,0.0,
Globia sparganii,0.0,1.0
Globia algae,0.0,0.0
Pabulatrix pabulatricula,,
Apamea remissa,0.0,0.0
Apamea epomidion,0.0,0.0
Apamea crenata,0.0,0.0
Apamea anceps,0.0,
Apamea sordens,0.0,0.0
Apamea unanimis,0.0,0.0
Apamea scolopacina,0.0,0.0
Apamea oblonga,0.0,1.0
Apamea monoglypha,0.0,0.0
Apamea lithoxylaea,0.0,0.0
Apamea sublustris,0.0,0.0
Apamea furva,0.0,0.0
Apamea lateritia,,
Apamea exulis,0.0,
Lateroligia ophiogramma,0.0,0.0
Mesapamea secalis,0.0,0.0
Mesapamea didyma,0.0,0.0
Litoligia literosa,0.0,0.0
Mesoligia furuncula,0.0,0.0
Oligia strigilis,0.0,
Oligia latruncula,0.0,0.0
Oligia versicolor,0.0,0.0
Oligia fasciuncula,0.0,0.0
Sesamia nonagrioides,,
Leucochlaena oditis,0.0,
Tiliacea citrago,0.0,0.0
Tiliacea aurago,0.0,
Xanthia togata,0.0,0.0
Cirrhia icteritia,0.0,0.0
Cirrhia gilvago,0.0,
Cirrhia ocellaris,0.0,
Mesogona acetosellae,,
Agrochola lychnidis,0.0,0.0
Agrochola litura,0.0,
Agrochola helvola,0.0,0.0
Agrochola lota,0.0,0.0
Agrochola macilenta,0.0,0.0
Agrochola haematidea,0.0,
Agrochola circellaris,0.0,0.0
Omphaloscelis lunosa,0.0,0.0
Conistra vaccinii,0.0,0.0
Conistra ligula,0.0,0.0
Conistra rubiginosa,,
Conistra rubiginea,0.0,
Conistra erythrocephala,,
Jodia croceago,,
Lithophane semibrunnea,0.0,
Lithophane socia,0.0,0.0
Lithophane ornitopus,0.0,0.0
Lithophane furcifera,,
Lithophane consocia,,
Lithophane lamda,,
Lithophane leautieri,0.0,0.0
Xylena solidaginis,0.0,
Xylena exsoleta,0.0,
Xylena vetusta,0.0,0.0
Eupsilia transversa,0.0,0.0
Enargia paleacea,0.0,
Ipimorpha retusa,0.0,
Ipimorpha subtusa,0.0,0.0
Cosmia diffinis,0.0,
Cosmia affinis,0.0,
Cosmia trapezina,0.0,0.0
Cosmia pyralina,0.0,
Dicycla oo,0.0,
Atethmia centrago,0.0,0.0
Brachylomia viminalis,0.0,1.0
Parastichtis suspecta,0.0,
Apterogenum ypsillon,0.0,0.0
Dryobota labecula,0.0,
Griposia aprilina,0.0,0.0
Dryobotodes eremita,0.0,0.0
Dryobotodes roboris,,
Dichonioxa tenebrosa,0.0,
Antitype chi,0.0,0.0
Trigonophora flammea,0.0,
Aporophyla australis,0.0,1.0
Aporophyla lutulenta,0.0,
Aporophyla lueneburgensis,0.0,0.0
Aporophyla nigra,0.0,0.0
Dasypolia templi,0.0,0.0
Polymixis lichenea,0.0,0.0
Polymixis xanthomista,0.0,1.0
Polymixis flavicincta,0.0,
Mniotype adusta,0.0,0.0
Mniotype solieri,,
Mniotype satura,,
Panolis flammea,0.0,0.0
Orthosia incerta,0.0,0.0
Orthosia miniosa,0.0,
Orthosia cerasi,0.0,0.0
Orthosia cruda,0.0,0.0
Orthosia populeti,0.0,1.0
Orthosia gracilis,0.0,0.0
Orthosia opima,0.0,1.0
Orthosia gothica,0.0,0.0
Anorthoa munda,0.0,0.0
Egira conspicillaris,0.0,
Tholera cespitis,1.0,0.0
Tholera decimalis,0.0,1.0
Cerapteryx graminis,0.0,0.0
Anarta trifolii,0.0,
Anarta melanopa,0.0,
Anarta myrtilli,0.0,0.0
Coranarta cordigera,0.0,
Polia bombycina,1.0,
Polia hepatica,0.0,
Polia nebulosa,0.0,0.0
Pachetra sagittigera,,
Lacanobia w-latinum,0.0,
Lacanobia thalassina,0.0,0.0
Lacanobia contigua,0.0,0.0
Lacanobia suasa,0.0,0.0
Lacanobia oleracea,0.0,0.0
Lacanobia splendens,,
Lacanobia blenna,,
Melanchra persicariae,0.0,0.0
Ceramica pisi,1.0,0.0
Papestra biren,0.0,0.0
Hada plebeja,0.0,0.0
Mamestra brassicae,0.0,0.0
Sideridis turbida,0.0,0.0
Sideridis rivularis,0.0,0.0
Sideridis reticulata,,0.0
Conisania andalusica,0.0,0.0
Hecatera bicolorata,0.0,0.0
Hecatera dysodea,0.0,
Hadena bicruris,0.0,0.0
Hadena compta,0.0,
Hadena confusa,0.0,0.0
Hadena albimacula,0.0,
Hadena caesia,1.0,0.0
Hadena perplexa,0.0,0.0
Hadena irregularis,,
Mythimna turca,0.0,
Mythimna pudorina,0.0,0.0
Mythimna conigera,0.0,0.0
Mythimna pallens,0.0,0.0
Mythimna favicolor,0.0,
Mythimna impura,0.0,0.0
Mythimna straminea,0.0,0.0
Mythimna vitellina,,
Mythimna unipuncta,0.0,
Mythimna albipuncta,0.0,
Mythimna ferrago,0.0,0.0
Mythimna litoralis,0.0,0.0
Mythimna l-album,0.0,
Leucania comma,0.0,0.0
Leucania obsoleta,0.0,
Leucania putrescens,0.0,
Leucania loreyi,,
Senta flammea,0.0,
Eriopygodes imbecilla,0.0,
Peridroma saucia,,
Actebia praecox,0.0,1.0
Actebia fennica,,
Dichagyris flammatra,,
Euxoa cursoria,0.0,0.0
Euxoa obelisca,0.0,0.0
Euxoa tritici,1.0,0.0
Euxoa nigricans,1.0,0.0
Agrotis bigramma,,
Agrotis cinerea,0.0,1.0
Agrotis exclamationis,0.0,0.0
Agrotis graslini,,
Agrotis segetum,0.0,0.0
Agrotis clavis,0.0,0.0
Agrotis herzogi,,
Agrotis vestigialis,0.0,0.0
Agrotis ripae,0.0,0.0
Agrotis trux,0.0,0.0
Agrotis puta,0.0,
Agrotis catalaunensis,,
Agrotis ipsilon,,
Axylia putris,0.0,0.0
Ochropleura plecta,0.0,0.0
Ochropleura leucogaster,,
Diarsia dahlii,0.0,0.0
Diarsia brunnea,0.0,0.0
Diarsia mendica,0.0,0.0
Diarsia rubi,0.0,0.0
Diarsia florida,,
Cerastis rubricosa,0.0,0.0
Cerastis leucographa,0.0,
Lycophotia porphyrea,1.0,0.0
Rhyacia simulans,0.0,1.0
Rhyacia lucipeta,,
Standfussiana lucernea,0.0,0.0
Noctua pronuba,0.0,0.0
Noctua fimbriata,0.0,0.0
Noctua orbona,0.0,
Noctua comes,0.0,0.0
Noctua interjecta,0.0,0.0
Noctua janthina,0.0,
Noctua janthe,0.0,0.0
Spaelotis ravida,1.0,
Eurois occulta,0.0,
Graphiphora augur,0.0,0.0
Anaplectoides prasina,0.0,0.0
Xestia baja,0.0,0.0
Xestia stigmatica,0.0,
Xestia castanea,0.0,0.0
Xestia agathina,0.0,0.0
Xestia xanthographa,0.0,0.0
Xestia sexstrigata,0.0,0.0
Xestia c-nigrum,0.0,0.0
Xestia ditrapezium,0.0,
Xestia triangulum,0.0,0.0
Xestia ashworthii,0.0,
Xestia alpicola,0.0,
Coenophila subrosea,0.0,
Eugnorisma glareosa,0.0,0.0
Eugnorisma depuncta,0.0,
Protolampra sobrina,0.0,
Naenia typica,0.0,0.0
Meganola strigula,0.0,
Meganola albula,0.0,
Nola cucullatella,0.0,
Nola confusalis,0.0,0.0
Nola aerugula,,
Nola chlamitulalis,,
Bena bicolorana,0.0,
Pseudoips prasinana,0.0,0.0
Nycteola revayana,0.0,0.0
Nycteola siculana,,
Nycteola asiatica,,
Earias clorana,0.0,
Earias insulana,,
